Title,Employee,Link
"Public Policy Manager, Sustainability, Japan",Amazon,https://jp.linkedin.com/jobs/view/public-policy-manager-sustainability-japan-at-amazon-2589530939?refId=gMOgCsRh8lyQfxP3ITX1bA%3D%3D&trackingId=iAMXSpaY5BTDnqZ3TLO4Uw%3D%3D&position=1&pageNum=0&trk=public_jobs_jserp-result_search-card
Quality & Environmental Manager/Site Safety & Health Officer,Chenega Security SBU,https://jp.linkedin.com/jobs/view/quality-environmental-manager-site-safety-health-officer-at-chenega-security-sbu-2505011183?refId=gMOgCsRh8lyQfxP3ITX1bA%3D%3D&trackingId=yBJFvf2dOEUjhxM747a92w%3D%3D&position=2&pageNum=0&trk=public_jobs_jserp-result_search-card
Resource Efficiency Manager (REM),Redhorse Corporation,https://jp.linkedin.com/jobs/view/resource-efficiency-manager-rem-at-redhorse-corporation-2652116913?refId=gMOgCsRh8lyQfxP3ITX1bA%3D%3D&trackingId=%2F6bnFtYxOh4BhJQ3bYXWxw%3D%3D&position=3&pageNum=0&trk=public_jobs_jserp-result_search-card
Quality & Environmental Manager/Site Safety & Health Officer,Chenega Corporation,https://jp.linkedin.com/jobs/view/quality-environmental-manager-site-safety-health-officer-at-chenega-corporation-2592129901?refId=gMOgCsRh8lyQfxP3ITX1bA%3D%3D&trackingId=I4MKO7cfRVrbGVFOTGW0og%3D%3D&position=4&pageNum=0&trk=public_jobs_jserp-result_search-card
Veterinary Technical Services (Pet Food),Michael Page,https://jp.linkedin.com/jobs/view/veterinary-technical-services-pet-food-at-michael-page-2640181248?refId=gMOgCsRh8lyQfxP3ITX1bA%3D%3D&trackingId=wCbdNDDqf9yhhMisqFxXfA%3D%3D&position=5&pageNum=0&trk=public_jobs_jserp-result_search-card
Director of Engineering - Sheraton Grande Tokyo Bay Hotel,Sheraton Hotels & Resorts,https://jp.linkedin.com/jobs/view/director-of-engineering-sheraton-grande-tokyo-bay-hotel-at-sheraton-hotels-resorts-2635305879?refId=gMOgCsRh8lyQfxP3ITX1bA%3D%3D&trackingId=P5rFIaII4wRz8i6VyC7%2BPA%3D%3D&position=6&pageNum=0&trk=public_jobs_jserp-result_search-card
"(Japanese Language Required) Project Engineering Specialist, Building and Utilities",Danone,https://jp.linkedin.com/jobs/view/japanese-language-required-project-engineering-specialist-building-and-utilities-at-danone-2467693336?refId=gMOgCsRh8lyQfxP3ITX1bA%3D%3D&trackingId=2scmGZPME3tPEpaT7mgUHw%3D%3D&position=7&pageNum=0&trk=public_jobs_jserp-result_search-card
Data Center Facilities Mechanical Engineer/Technician,Google,https://jp.linkedin.com/jobs/view/data-center-facilities-mechanical-engineer-technician-at-google-2519091884?refId=gMOgCsRh8lyQfxP3ITX1bA%3D%3D&trackingId=5ueKAy21kJqaYyv7Aj%2BNFQ%3D%3D&position=8&pageNum=0&trk=public_jobs_jserp-result_search-card
Engineering Manager,Montage International,https://jp.linkedin.com/jobs/view/engineering-manager-at-montage-international-2631559332?refId=gMOgCsRh8lyQfxP3ITX1bA%3D%3D&trackingId=cks5Z1tucuZy65EsX3ZmfQ%3D%3D&position=9&pageNum=0&trk=public_jobs_jserp-result_search-card
Controls Design Engineer,Amazon Web Services (AWS),https://jp.linkedin.com/jobs/view/controls-design-engineer-at-amazon-web-services-aws-2614683502?refId=gMOgCsRh8lyQfxP3ITX1bA%3D%3D&trackingId=X5MZY4P53d6VvTxVd2fjng%3D%3D&position=10&pageNum=0&trk=public_jobs_jserp-result_search-card
Senior Director of Quality Assurance,Michael Page,https://jp.linkedin.com/jobs/view/senior-director-of-quality-assurance-at-michael-page-2640174447?refId=gMOgCsRh8lyQfxP3ITX1bA%3D%3D&trackingId=%2B47qTkLn%2BrXhLwJChNr8KQ%3D%3D&position=11&pageNum=0&trk=public_jobs_jserp-result_search-card
